{"cameraMode":{"drawMode":0,"name":"Shaded","section":"Shading Mode"},"sceneLighting":false,"audioPlay":false,"sceneViewState":{"showFog":true,"showMaterialUpdate":false,"showSkybox":false,"showFlares":true,"showImageEffects":true,"showParticleSystems":true},"in2DMode":false,"pivot":{"x":-0.00452578067779541,"y":0.05156431347131729,"z":0.415002703666687},"rotation":{"x":0.008713727816939354,"y":0.5579068660736084,"z":-0.0058581228367984299,"w":0.8298379182815552},"size":1.4665439128875733,"orthographic":false}