{"cameraMode":{"drawMode":0,"name":"Shaded","section":"Shading Mode"},"sceneLighting":true,"audioPlay":false,"sceneViewState":{"showFog":true,"showMaterialUpdate":false,"showSkybox":true,"showFlares":true,"showImageEffects":true,"showParticleSystems":true},"in2DMode":false,"pivot":{"x":0.35138583183288576,"y":1.6179187297821046,"z":1.487544059753418},"rotation":{"x":0.06952234357595444,"y":0.48792633414268496,"z":-0.03902243450284004,"w":0.8692423105239868},"size":2.2601935863494875,"orthographic":false}