{"cameraMode":{"drawMode":0,"name":"Shaded","section":"Shading Mode"},"sceneLighting":true,"audioPlay":false,"sceneViewState":{"showFog":true,"showMaterialUpdate":false,"showSkybox":true,"showFlares":true,"showImageEffects":true,"showParticleSystems":true},"in2DMode":false,"pivot":{"x":-20.91103744506836,"y":6.953437805175781,"z":-0.44326090812683108},"rotation":{"x":0.17652827501296998,"y":-0.24517008662223817,"z":0.04545074701309204,"w":0.9521938562393189},"size":0.7151338458061218,"orthographic":false}